<?xml version="1.0" encoding="UTF-8"?>
<feed xmlns="http://www.w3.org/2005/Atom">
 <id>urn:iweb:B0DB2818-A7D9-4CAA-8D84-1DF420AF3778</id>
 <title>Page list Atom feed</title>
 <updated>2016-04-14T18:40:33-05:00</updated>
 <link rel="self" href="feed.xml"/>
 <generator>iWeb</generator>
 <author>
  <name>iWeb</name>
 </author>
 <entry>
  <id>urn:iweb:A61FEAEA-C47B-4F88-A7C5-88030B5B9CF8</id>
  <title>Login</title>
  <title xmlns="urn:iweb:">Login</title>
  <in-navbar xmlns="urn:iweb:">A61FEAEA-C47B-4F88-A7C5-88030B5B9CF8</in-navbar>
  <link rel="alternate" href="Login.html"/>
  <updated>2016-04-14T18:40:33.001-05:00</updated>
  <content>Login</content>
 </entry>
 <entry>
  <id>urn:iweb:96441E6D-DAFE-4EF6-88CC-13A012F81538</id>
  <title>Registration</title>
  <title xmlns="urn:iweb:">Registration</title>
  <in-navbar xmlns="urn:iweb:">96441E6D-DAFE-4EF6-88CC-13A012F81538</in-navbar>
  <link rel="alternate" href="Registration.html"/>
  <updated>2016-04-14T18:40:33.002-05:00</updated>
  <content>Registration</content>
 </entry>
 <entry>
  <id>urn:iweb:0D625FC0-AD0D-49CB-8516-77139C8C40D7</id>
  <title>Submit a Need</title>
  <title xmlns="urn:iweb:">Submit a Need</title>
  <in-navbar xmlns="urn:iweb:">0D625FC0-AD0D-49CB-8516-77139C8C40D7</in-navbar>
  <link rel="alternate" href="Submit_a_Need.html"/>
  <updated>2016-04-14T18:40:33.003-05:00</updated>
  <content>Submit a Need</content>
 </entry>
 <entry>
  <id>urn:iweb:A2BC63D6-ECAD-45CA-90BF-E4B7E8093472</id>
  <title>Main page</title>
  <title xmlns="urn:iweb:">Main page</title>
  <in-navbar xmlns="urn:iweb:">A2BC63D6-ECAD-45CA-90BF-E4B7E8093472</in-navbar>
  <link rel="alternate" href="Main_page.html"/>
  <updated>2016-04-14T18:40:33.004-05:00</updated>
  <content>Main page</content>
 </entry>
 <entry>
  <id>urn:iweb:2EEE496F-58AA-4B2B-A367-6A4AFC2ED5C0</id>
  <title>Request Aid</title>
  <title xmlns="urn:iweb:">Request Aid</title>
  <in-navbar xmlns="urn:iweb:">2EEE496F-58AA-4B2B-A367-6A4AFC2ED5C0</in-navbar>
  <link rel="alternate" href="Request_Aid.html"/>
  <updated>2016-04-14T18:40:33.005-05:00</updated>
  <content>Request Aid</content>
 </entry>
</feed>